"company_id","company_name","sector","technology","country_iso2","exposure_value_usd","term","loss_given_default","run_id","asset_id","asset_name","net_present_value_baseline","net_present_value_shock","net_present_value_difference","net_present_value_change","pd_baseline","pd_shock"
"101",NA,"Power","CoalCap","MN",9500000,5,0.6,"2e60a980-3918-4d8a-9873-5d9b10315da6","101","Company 1",135981288.169693,16405999.8266633,-119575288.34303,-0.879351048607585,0,0
"102",NA,"Power","RenewablesCap","MN",4100000,2,0.4,"2e60a980-3918-4d8a-9873-5d9b10315da6","102","Company 2",64143566.9502489,71242547.1634686,7098980.21321969,0.110673299767158,1.95305993599959e-10,5.4211857225539e-11
"103",NA,"Coal","Coal","MN",11800000,4,0.65,"2e60a980-3918-4d8a-9873-5d9b10315da6","103","Company 3",2227663619.93474,850136431.884861,-1377527188.04988,-0.618373068412471,3.70914890690521e-07,0.000523689199747102
"104",NA,"Power","RenewablesCap","MN",5200000,3,0.4,"2e60a980-3918-4d8a-9873-5d9b10315da6","104","Company 4",207872670.672103,230878625.066797,23005954.3946936,0.110673299767159,0,0
"105",NA,"Coal","Coal","MN",9800000,5,0.65,"2e60a980-3918-4d8a-9873-5d9b10315da6","105","Company 5",164365895.108415,62726452.2078619,-101639442.900553,-0.618373068412471,0.135446941149134,0.245006795806373
"106",NA,"Power","CoalCap","MN",7300000,4,0.6,"2e60a980-3918-4d8a-9873-5d9b10315da6","106","Company 6",15625176.1488713,2605045.55655694,-13020130.5923143,-0.833278963914585,0,4.53472037698077e-10
"107",NA,"Coal","Coal","MN",5600000,2,0.6,"2e60a980-3918-4d8a-9873-5d9b10315da6","107","Company 7",227583547.07319,86852010.7493474,-140731536.323842,-0.618373068412471,2.30926389122033e-12,1.59312032144143e-06
"108",NA,"Coal","Coal","MN",4500000,3,0.6,"2e60a980-3918-4d8a-9873-5d9b10315da6","108","Company 8",19471036.8051507,7430672.03077749,-12040364.7743732,-0.618373068412471,0.00161752468101661,0.0176997814427732
